No,cBB,cmd,d1,d2,d3,gBB,iJp,tJpV,tUB,tUS,timestamp,error
0,0,1003,2,2,1,695132982,FALSE,81582841,1806,2193,1621679478,
1,0,1003,6,5,6,929479992,FALSE,84371281,1447,2602,1621679549,
2,0,1003,6,4,4,949162009,FALSE,87218768,2348,1611,1621679620,
3,0,1003,3,3,5,698148642,FALSE,89313214,2232,1613,1621679691,
4,0,1003,6,3,5,681191558,FALSE,91356789,2027,1515,1621679763,
5,0,1003,5,4,4,772519057,FALSE,93674347,2065,2243,1621679833,
6,0,1003,2,5,3,753535973,FALSE,95934955,2414,1402,1621679904,
7,0,1003,3,6,4,964560495,FALSE,98828637,1876,1998,1621679976,
8,0,1003,6,6,3,710266372,FALSE,100959436,2216,1770,1621680046,
9,0,1003,1,1,3,809102063,FALSE,103386742,2614,1477,1621680118,
10,0,1003,1,6,1,882572018,FALSE,106034459,1988,1922,1621680188,
11,0,1003,5,4,1,757595151,FALSE,108307245,2115,1993,1621680260,
12,0,1003,1,3,6,686538063,FALSE,110366859,2119,1893,1621680331,
13,0,1003,3,6,1,717848134,FALSE,112520404,1843,2159,1621680402,
14,0,1003,3,4,4,631229184,FALSE,114414092,2159,1898,1621680473,
15,0,1003,5,3,6,751385709,FALSE,116668249,2505,1439,1621680544,
16,0,1003,4,6,3,774140725,FALSE,118990672,2373,1971,1621680615,
17,0,1003,5,6,4,821792374,FALSE,121456049,2772,1126,1621680686,
18,0,1003,5,3,1,726750739,FALSE,123636301,2880,1341,1621680757,
19,0,1003,6,2,1,719949037,FALSE,125796149,1885,2015,1621680828,
20,0,1003,6,4,6,768644994,FALSE,128102085,1874,2447,1621680899,
21,0,1003,1,2,2,690821768,FALSE,130174551,2554,1687,1621680970,
22,0,1003,2,2,6,782975451,FALSE,132523477,2060,2189,1621681041,
23,0,1003,6,3,5,659907147,FALSE,134503198,2376,1799,1621681112,
24,0,1003,5,5,6,759291225,FALSE,136781073,2158,2232,1621681184,
25,0,1003,3,5,4,812368144,FALSE,139218177,2306,1974,1621681254,
26,0,1003,3,6,3,686687034,FALSE,141278238,2019,2131,1621681326,
27,0,1003,2,5,3,658888990,FALSE,143254906,1942,2290,1621681397,
28,0,1003,6,5,5,693354282,FALSE,145334969,1786,2346,1621681468,
29,0,1003,2,5,3,716431945,FALSE,147484264,2087,2060,1621681539,
30,0,1003,3,3,2,691132826,FALSE,149557663,2325,1902,1621681610,
31,0,1003,1,5,1,737435539,FALSE,151769970,2114,2098,1621681681,
32,0,1003,5,2,4,775298195,FALSE,154095865,1960,2306,1621681752,
33,0,1003,6,4,4,811102567,FALSE,156529173,2443,1645,1621681823,
34,0,1003,1,6,1,978914469,FALSE,159465916,2016,2115,1621681894,
35,0,1003,1,2,1,877542924,FALSE,162098545,1868,2303,1621681966,
36,0,1003,1,5,2,769734662,FALSE,164407749,2070,2311,1621682036,
37,0,1003,4,6,3,808669528,FALSE,166833758,2337,2115,1621682109,
38,0,1003,1,2,1,790042169,FALSE,169203884,2394,1820,1621682178,
39,0,1003,1,3,4,967338395,FALSE,172105899,2322,1962,1621682249,
40,0,1003,1,3,5,902724387,FALSE,174814072,1882,2435,1621682320,
41,0,1003,2,6,3,714516538,FALSE,176957622,2473,1950,1621682392,
42,0,1003,3,4,3,782178243,FALSE,179304157,2231,2094,1621682463,
43,0,1003,5,1,4,817539382,FALSE,181756775,1955,2339,1621682534,
44,0,1003,1,5,2,775407730,FALSE,184082998,1820,2578,1621682611,
45,0,1003,6,6,3,773368252,FALSE,186403103,2594,2138,1621682675,
46,0,1003,3,6,2,726914266,FALSE,188583846,2434,2193,1621682746,
47,0,1003,3,6,4,787719018,FALSE,190947002,2430,1876,1621682818,
48,0,1003,4,1,1,665182079,FALSE,192942548,2321,1988,1621682889,
49,0,1003,4,3,2,993108189,FALSE,195921873,1867,2749,1621682960,
50,0,1003,3,3,4,871963711,FALSE,198537764,1957,2707,1621683031,
51,0,1003,3,2,1,814271398,FALSE,200980579,2623,1934,1621683102,
52,0,1003,6,5,2,854253043,FALSE,203543338,1793,2628,1621683173,
53,0,1003,2,2,3,710042021,FALSE,205673465,2531,1904,1621683244,
54,0,1003,6,5,5,816545825,FALSE,208123103,2414,2129,1621683316,
55,0,1003,2,5,1,829467747,FALSE,210611505,1879,2824,1621683386,
56,0,1003,3,4,2,715739065,FALSE,212758723,2838,1613,1621683458,
57,0,1003,2,1,3,886107998,FALSE,215417048,2137,2291,1621683528,
58,0,1003,3,2,6,759377347,FALSE,217695180,1994,2462,1621683599,
59,0,1003,1,6,2,876528889,FALSE,220324767,2389,2124,1621683671,
60,0,1003,5,5,3,844139376,FALSE,222857185,2141,2343,1621683741,
61,0,1003,2,3,6,827982114,FALSE,225341132,2020,2443,1621683813,
62,0,1003,5,6,4,872917840,FALSE,227959885,2481,1977,1621683884,
63,0,1003,5,4,4,739614303,FALSE,230178729,2397,2283,1621683959,
64,0,1003,1,4,2,796656116,FALSE,232568697,2478,2149,1621684026,
65,0,1003,6,4,4,854593273,FALSE,235132478,2242,2269,1621684097,
66,0,1003,2,4,5,795381184,FALSE,237518622,2321,2235,1621684168,
67,0,1003,2,2,6,792655000,FALSE,239896587,2401,2066,1621684240,
68,0,1003,6,1,4,854602687,FALSE,242460395,1880,2555,1621684311,
69,0,1003,1,4,5,900746729,FALSE,245162636,2090,2359,1621684381,
70,0,1003,2,2,5,1035917561,FALSE,248270389,3007,1795,1621684452,
71,0,1003,6,5,1,949578262,FALSE,251119124,1931,2255,1621684523,
72,0,1003,5,4,2,1001834972,FALSE,254124630,2117,2121,1621684595,
73,0,1003,1,2,3,782864918,FALSE,256473225,2089,2284,1621684668,
74,0,1003,5,4,1,730691863,FALSE,258665301,1769,2645,1621684736,
75,0,1003,3,2,4,776607795,FALSE,260995125,2567,1930,1621684809,
76,0,1003,2,6,3,933773261,FALSE,263796445,2407,2003,1621684879,
77,0,1003,3,4,3,930387707,FALSE,266587609,2704,1777,1621684950,
78,0,1003,1,4,6,834869211,FALSE,269092217,2056,2186,1621685020,
79,0,1003,5,5,1,799974925,FALSE,271492141,1968,2343,1621685092,
80,0,1003,1,3,2,767707810,FALSE,273795265,2337,1916,1621685163,
81,0,1003,2,2,6,951978516,FALSE,276651201,1858,2645,1621685234,
82,0,1003,4,1,1,723288263,FALSE,278821065,2257,2085,1621685305,
83,0,1003,6,1,1,755617316,FALSE,281087917,2502,2083,1621685376,
84,0,1003,4,3,2,794755715,FALSE,283472185,2203,2352,1621685447,
85,0,1003,3,5,5,780606551,FALSE,285814005,2436,2094,1621685519,
86,0,1003,2,1,1,720626856,FALSE,287975886,2244,2053,1621685589,
87,0,1003,2,3,4,752939378,FALSE,290234705,1914,2567,1621685660,
88,0,1003,6,2,4,845963640,FALSE,292772596,2329,2261,1621685731,
89,0,1003,4,2,3,773081451,FALSE,295091841,2375,2063,1621685802,
90,0,1003,5,4,6,764159956,FALSE,297384322,2110,2409,1621685873,
91,0,1003,4,2,3,731988420,FALSE,299580287,2226,2302,1621685946,
92,0,1003,2,2,6,746858484,FALSE,301820863,2828,1643,1621686016,
93,0,1003,6,6,3,792049290,FALSE,304197011,2315,1970,1621686087,
94,0,1003,2,2,6,870646411,FALSE,306808950,2502,1994,1621686157,
95,0,1003,3,6,2,769304310,FALSE,309116863,2138,2234,1621686228,
96,0,1003,1,6,1,964900589,FALSE,312011565,1758,2758,1621686299,
97,0,1003,5,2,2,860276116,FALSE,314592393,2058,2377,1621686376,
98,0,1003,5,1,6,748818293,FALSE,316838847,2486,2009,1621686442,
99,0,1003,4,1,3,929978225,FALSE,319628782,2050,2409,1621686515,
100,0,1003,1,6,6,871273148,FALSE,322242602,2333,2209,1621686584,
101,0,1003,2,3,3,999106832,FALSE,325239924,1916,2798,1621686655,
102,0,1003,4,4,4,966201932,FALSE,328138530,2291,2471,1621686726,
103,0,1003,1,5,1,957137078,FALSE,331009942,2043,2591,1621686797,
104,0,1003,4,5,5,866471340,FALSE,333609356,2545,2194,1621686868,
105,0,1003,2,6,4,880784789,FALSE,336251710,2173,2603,1621686940,
106,0,1003,5,6,1,858432961,FALSE,338827009,2411,1870,1621687010,
107,0,1003,2,6,5,810218364,FALSE,341257665,2538,1973,1621687081,
108,0,1003,4,4,4,836009703,FALSE,343765695,2611,2189,1621687153,
109,0,1003,2,2,5,707509388,FALSE,345888224,2483,2024,1621687223,
110,0,1003,2,6,2,879549275,FALSE,348526872,1937,2429,1621687295,
111,0,1003,6,3,5,771552869,FALSE,350841530,1825,2465,1621687365,
112,0,1003,1,2,3,716454587,FALSE,352990895,2483,1760,1621687436,
113,0,1003,1,3,1,807763151,FALSE,355414185,2252,1951,1621687509,
114,0,1003,6,3,2,862435382,FALSE,358001491,2436,1970,1621687578,
115,0,1003,4,2,3,750044197,FALSE,360251624,1873,2435,1621687649,
116,0,1003,6,6,2,892872577,FALSE,362930241,1911,2495,1621687723,
117,0,1003,6,6,2,811726187,FALSE,365365420,2168,2392,1621687791,
118,0,1003,3,5,5,762830826,FALSE,367653913,2280,1997,1621687863,
119,0,1003,6,5,4,789269406,FALSE,370021721,2377,2117,1621687934,
120,0,1003,6,3,4,965720449,FALSE,372918882,2473,2139,1621688005,
121,0,1003,5,2,6,730961535,FALSE,375111767,2396,2119,1621688076,
122,0,1003,4,4,4,710460231,FALSE,377243147,2375,2323,1621688147,
123,0,1003,1,1,5,650391878,FALSE,379194322,2240,2290,1621688218,
124,0,1003,6,6,5,777922515,FALSE,381528090,2178,2155,1621688289,
125,0,1003,2,5,4,770029787,FALSE,383838180,2259,2146,1621688360,
126,0,1003,3,4,6,724696437,FALSE,386012269,2311,1956,1621688431,
127,0,1003,3,4,3,756850217,FALSE,388282821,2590,1784,1621688502,
128,0,1003,1,1,6,643689232,FALSE,390213889,1918,2046,1621688574,
129,0,1003,3,6,1,826104381,FALSE,392692202,1946,2184,1621688649,
130,0,1003,4,3,6,556515442,FALSE,394361748,2315,1790,1621688715,
131,0,1003,4,5,3,689000416,FALSE,396428749,2453,1726,1621688790,
132,0,1003,2,3,1,726529315,FALSE,398608338,2459,1877,1621688857,
133,0,1003,1,3,1,711343092,FALSE,400742368,1553,2491,1621688928,
134,0,1003,6,4,1,754019852,FALSE,403004428,2192,2127,1621688999,
135,0,1003,3,6,3,850439715,FALSE,405555748,2619,1705,1621689071,
136,0,1003,3,4,5,529906329,FALSE,407145467,1578,2703,1621689142,
137,0,1003,3,6,4,662138998,FALSE,409131884,1916,2119,1621689216,
138,0,1003,3,5,2,635990508,FALSE,411039856,2342,1811,1621689284,
139,0,1003,5,5,3,631158241,FALSE,412933331,1703,2305,1621689357,
140,0,1003,5,2,1,651221336,FALSE,414886995,2069,1851,1621689426,
141,0,1003,2,5,2,551783213,FALSE,416542345,2398,1590,1621689497,
142,0,1003,1,1,2,639295533,FALSE,418460233,2089,1728,1621689568,
143,0,1003,3,4,5,804244946,FALSE,420872968,1870,2001,1621689639,
144,0,1003,5,2,3,578333810,FALSE,422607970,1925,1719,1621689710,
145,0,1003,2,5,6,681507509,FALSE,424652493,1965,1729,1621689781,
146,0,1003,6,3,4,538533066,FALSE,426268092,1636,2195,1621689852,
147,0,1003,3,6,2,695115770,FALSE,428353440,1922,1840,1621689923,
148,0,1003,3,2,6,554049682,FALSE,430015589,1812,1865,1621689995,
149,0,1003,6,2,1,636416777,FALSE,431924840,1933,1852,1621690066,
150,0,1003,6,5,6,655218671,FALSE,433890496,1769,1809,1621690140,
151,0,1003,3,2,6,671487607,FALSE,435904959,1970,1761,1621690207,
152,0,1003,2,2,2,655801913,FALSE,437872365,2000,1599,1621690278,
153,0,1003,4,1,1,790799105,FALSE,440244762,1328,2406,1621690349,
154,0,1003,4,1,2,783118857,FALSE,442594119,1349,2348,1621690420,
155,0,1003,3,3,6,622585284,FALSE,444461876,1847,1991,1621690491,
156,0,1003,4,4,4,654187516,FALSE,446424439,2030,1719,1621690562,
157,0,1003,3,3,3,587310181,FALSE,448186370,2031,1713,1621690633,
158,0,1003,1,3,5,614556889,FALSE,450030041,1770,2090,1621690705,
159,0,1003,2,4,5,611981127,FALSE,451865984,1946,1836,1621690775,
160,0,1003,5,4,1,616273320,FALSE,453714804,2346,1458,1621690846,
161,0,1003,2,3,5,573945478,FALSE,455436641,1945,1627,1621690920,
162,0,1003,6,3,3,587940963,FALSE,457200464,2132,1510,1621690989,
163,0,1003,5,6,4,570584144,FALSE,458912217,1871,1712,1621691060,
164,0,1003,4,5,1,630898614,FALSE,460804913,1907,1693,1621691132,
165,0,1003,6,3,3,626134928,FALSE,462683318,1550,2192,1621691202,
166,0,1003,6,6,5,600746823,FALSE,464485558,1830,1786,1621691273,
167,0,1003,1,2,6,691548718,FALSE,466560205,1782,1940,1621691348,
168,0,1003,5,5,3,614362612,FALSE,468403293,1796,1892,1621691415,
169,0,1003,1,3,6,723031875,FALSE,470572388,1921,1709,1621691486,
170,0,1003,2,1,5,719789897,FALSE,472731758,2023,1567,1621691557,
171,0,1003,4,4,1,759512498,FALSE,475010296,2073,1495,1621691628,
172,0,1003,6,3,3,609807886,FALSE,476839720,1862,1606,1621691699,
173,0,1003,6,1,2,591880345,FALSE,478615360,1905,1573,1621691770,
174,0,1003,3,6,5,643605322,FALSE,480546176,1760,1649,1621691841,
175,0,1003,2,5,5,535763761,FALSE,482153467,1728,1726,1621691917,
176,0,1003,3,1,2,696490318,FALSE,484242938,1692,1762,1621691983,
177,0,1003,5,3,6,552390876,FALSE,485900111,1625,1439,1621692054,
178,0,1003,2,1,4,524397718,FALSE,487473304,1744,1541,1621692125,
179,0,1003,2,5,5,574905656,FALSE,489198021,1724,1596,1621692196,
180,0,1003,6,3,1,545774640,FALSE,490835345,1242,2115,1621692269,
181,0,1003,3,1,5,572255918,FALSE,492552113,1994,1387,1621692340,
182,0,1003,4,5,6,497840182,FALSE,494045634,1656,1482,1621692411,
183,0,1003,3,4,5,504584986,FALSE,495559389,1638,1447,1621692481,
184,0,1003,2,5,3,464120167,FALSE,496951750,1405,1951,1621692552,
185,0,1003,4,2,5,545338034,FALSE,498587764,1310,1927,1621692623,
186,0,1003,4,4,5,513451663,FALSE,500128119,1555,1519,1621692694,
187,0,1003,5,5,6,464382925,FALSE,501521268,1315,1892,1621692765,
188,0,1003,2,1,3,489748532,FALSE,502990513,1630,1452,1621692839,
189,0,1003,1,3,1,559173573,FALSE,504668034,1429,1505,1621692907,
190,0,1003,6,1,4,536135608,FALSE,506276441,1400,1644,1621692978,
191,0,1003,1,4,1,497810884,FALSE,507769874,1592,1306,1621693049,
192,0,1003,3,5,1,511319788,FALSE,509303834,1423,1448,1621693125,
193,0,1003,4,3,5,556062607,FALSE,510972022,1699,1229,1621693191,
194,0,1003,5,1,4,514192076,FALSE,512514599,1428,1481,1621693262,
195,0,1003,5,5,3,603385754,FALSE,514324756,1317,1639,1621693333,
196,0,1003,4,6,6,428439741,FALSE,515610075,1262,1533,1621693404,
197,0,1003,6,2,1,572315603,FALSE,517327022,1281,1562,1621693475,
198,0,1003,4,1,1,557138367,FALSE,518998438,1505,1310,1621693546,
199,0,1003,2,1,3,619305445,FALSE,520856355,1551,1358,1621693617,
200,0,1003,6,1,1,651002358,FALSE,522809362,1640,1310,1621693688,
201,0,1003,4,2,3,514855279,FALSE,524353928,1352,1473,1621693759,
202,0,1003,3,5,3,453379271,FALSE,525714066,1431,1373,1621693830,
203,0,1003,3,5,1,453480495,FALSE,527074507,1289,1326,1621693901,
204,0,1003,6,1,5,500264762,FALSE,528575301,1261,1313,1621693976,
205,0,1003,1,6,5,450951516,FALSE,529928156,1114,1556,1621694043,
206,0,1003,3,2,5,551275752,FALSE,531581983,1251,1410,1621694114,
207,0,1003,5,4,4,451277448,FALSE,532935815,1272,1259,1621694185,
208,0,1003,6,3,1,503906790,FALSE,534447536,1523,1137,1621694257,
209,0,1003,3,3,2,416158252,FALSE,535696011,1499,1189,1621694328,
210,0,1003,6,4,4,456879134,FALSE,537066649,1261,1287,1621694399,
211,0,1003,3,4,6,449930190,FALSE,538416440,1358,1152,1621694470,
212,0,1003,1,4,3,457506637,FALSE,539788960,1273,1334,1621694541,
213,0,1003,2,5,5,472861737,FALSE,541207545,1091,1554,1621694613,
214,0,1003,4,6,6,475392925,FALSE,542633724,1255,1212,1621694683,
215,0,1003,6,4,3,483678753,FALSE,544084760,1225,1424,1621694758,
216,0,1003,1,5,2,545982985,FALSE,545722709,1182,1415,1621694825,
217,0,1003,4,4,2,451378317,FALSE,547076845,1218,1250,1621694896,
218,0,1003,3,3,5,428169090,FALSE,548361353,1378,1088,1621694967,
219,0,1003,6,1,1,479005137,FALSE,549798369,1239,1270,1621695038,
220,0,1003,5,1,3,379094024,FALSE,550935651,1122,1311,1621695109,
221,0,1003,4,2,3,486596756,FALSE,552395441,1501,1005,1621695180,
222,0,1003,5,4,4,459315410,FALSE,553773387,1396,1079,1621695251,
223,0,1003,1,5,1,458623829,FALSE,555149259,1249,1165,1621695322,
224,0,1003,4,2,3,464650182,FALSE,556543209,1167,1327,1621695393,
225,0,1003,1,2,4,417753558,FALSE,557796469,1196,1278,1621695464,
226,0,1003,1,4,5,438818161,FALSE,559112923,1492,1148,1621695535,
227,0,1003,6,2,4,449272260,FALSE,560460740,1409,1123,1621695607,
228,0,1003,5,4,6,422114089,FALSE,561727082,1164,1263,1621695677,
229,0,1003,3,2,3,445541900,FALSE,563063708,1411,1082,1621695749,
230,0,1003,3,2,4,376023513,FALSE,564191778,1121,1290,1621695820,
231,0,1003,2,2,5,498043946,FALSE,565685910,1484,1031,1621695891,
232,0,1003,1,6,6,402027934,FALSE,566891994,1451,1093,1621695962,
233,0,1003,1,5,6,532221762,FALSE,568488659,1348,1147,1621696033,
234,0,1003,4,6,2,393261127,FALSE,569668443,1246,1271,1621696104,
235,0,1003,5,5,2,397403866,FALSE,570860655,1215,1315,1621696175,
236,0,1003,3,1,3,353054349,FALSE,571919818,1285,1224,1621696246,
237,0,1003,5,1,3,376495154,FALSE,573049303,1027,1410,1621696317,
238,0,1003,3,1,1,561574806,FALSE,574734027,1313,1209,1621696389,
239,0,1003,2,1,5,516492637,FALSE,576283505,1162,1362,1621696459,
240,0,1003,5,2,5,601579681,FALSE,578088244,1232,1343,1621696530,
241,0,1003,2,5,2,563814332,FALSE,579779687,1701,794,1621696604,
242,0,1003,2,1,6,464670149,FALSE,581173697,1127,1147,1621696676,
243,0,1003,1,5,2,692988348,FALSE,583252662,1458,948,1621696743,
244,0,1003,6,1,1,738908162,FALSE,585469387,1561,664,1621696814,
245,0,1003,5,6,6,666574720,FALSE,587469111,1433,848,1621696885,
246,0,1003,1,4,1,415732940,FALSE,588716310,1297,941,1621696956,
247,0,1003,4,1,1,521840607,FALSE,590281832,953,1399,1621697027,
248,0,1003,6,1,3,545319403,FALSE,591917791,905,1505,1621697099,
249,0,1003,2,4,6,525974373,FALSE,593495714,1365,1012,1621697169,
250,0,1003,3,5,2,442653324,FALSE,594823674,985,1216,1621697240,
251,0,1003,4,6,3,478682068,FALSE,596259720,857,1435,1621697311,
252,0,1003,3,6,2,381460665,FALSE,597404103,1145,853,1621697382,
253,0,1003,3,1,1,321116369,FALSE,598367452,1282,587,1621697453,
254,0,1003,2,2,1,379870971,FALSE,599507065,1027,750,1621697524,
255,0,1003,2,6,2,358866662,FALSE,600583665,959,1007,1621697595,
256,0,1003,5,2,5,304216684,FALSE,601496315,1259,789,1621697666,
257,0,1003,1,6,1,380939139,FALSE,602639132,937,968,1621697737,
258,0,1003,5,3,4,419589451,FALSE,603897901,1164,604,1621697808,
259,0,1003,2,3,1,447939491,FALSE,605241720,1111,739,1621697879,
260,0,1003,4,4,5,308418829,FALSE,606166976,1116,827,1621697950,
261,0,1003,6,3,3,404321382,FALSE,607379940,959,864,1621698022,
262,0,1003,5,5,3,361462887,FALSE,608464329,1142,526,1621698092,
263,0,1003,2,1,5,342543977,FALSE,609491961,1256,557,1621698164,
264,0,1003,4,5,6,558814639,FALSE,611168404,1166,498,1621698235,
265,0,1003,6,6,4,508884981,FALSE,612695059,649,1087,1621698306,
266,0,1003,2,3,2,338258058,FALSE,613709833,1220,698,1621698377,
267,0,1003,6,6,1,654292929,FALSE,615672712,1242,472,1621698448,
268,0,1003,3,6,4,421388345,FALSE,616936877,1363,510,1621698519,
269,0,1003,4,3,2,343170879,FALSE,617966390,1034,689,1621698590,
270,0,1003,2,2,2,610850687,FALSE,619798942,1457,409,1621698661,
271,0,1003,2,2,6,465101908,FALSE,621194248,952,914,1621698734,
272,0,1003,4,6,2,588643801,FALSE,622960179,1472,412,1621698803,
273,0,1003,5,1,3,408212107,FALSE,624184815,568,1154,1621698874,
274,0,1003,1,3,2,395034549,FALSE,625369919,433,1361,1621698946,
275,0,1003,4,1,3,397810039,FALSE,626563349,455,1468,1621699016,
276,0,1003,5,4,6,310128308,FALSE,627493734,707,1153,1621699087,
277,0,1003,6,4,2,368753754,FALSE,628599995,541,1181,1621699158,
278,0,1003,4,5,6,382366735,FALSE,629747095,709,1093,1621699229,
279,0,1003,6,3,3,342880143,FALSE,630775735,890,1025,1621699300,
280,0,1003,5,3,4,407002932,FALSE,631996744,1139,587,1621699371,
281,0,1003,2,2,6,322924232,FALSE,632965517,1118,660,1621699442,
282,0,1003,1,1,6,644636066,FALSE,634899426,511,1146,1621699517,
283,0,1003,2,6,1,470076444,FALSE,636309655,1134,602,1621699584,
284,0,1003,3,4,3,769182774,FALSE,638617203,1327,441,1621699655,
285,0,1003,3,2,2,509702953,FALSE,640146312,1016,727,1621699726,
286,0,1003,3,4,2,315283971,FALSE,641092164,664,835,1621699797,
287,0,1003,5,2,2,298354265,FALSE,641987227,652,921,1621699868,
288,0,1003,3,4,5,280414618,FALSE,642828471,704,854,1621699940,
289,0,1003,3,3,4,467821545,FALSE,644231936,1170,425,1621700011,
290,0,1003,2,4,3,331012223,FALSE,645224973,733,811,1621700081,
291,0,1003,4,3,5,405962324,FALSE,646442860,936,535,1621700153,
292,0,1003,5,4,5,389840050,FALSE,647612380,397,1041,1621700223,
293,0,1003,2,3,6,369026995,FALSE,648719461,708,845,1621700294,
294,0,1003,3,5,1,287425000,FALSE,649581736,702,875,1621700365,
295,0,1003,5,1,5,431152964,FALSE,650875195,808,795,1621700436,
296,0,1003,4,4,3,668623197,FALSE,652881064,977,410,1621700507,
297,0,1003,5,4,1,365078657,FALSE,653976300,1062,454,1621700578,
298,0,1003,6,2,4,506572062,FALSE,655496017,1060,357,1621700649,
299,0,1003,1,3,4,491354723,FALSE,656970081,1077,478,1621700720,
300,0,1003,1,3,6,978794374,FALSE,659906464,506,841,1621700791,
301,0,1003,4,3,1,968958875,FALSE,662813341,506,865,1621700865,
302,0,1003,5,2,3,233325795,FALSE,663513318,468,891,1621700934,
303,0,1003,1,6,1,411503607,FALSE,664747829,967,700,1621701005,
304,0,1003,1,1,1,275265344,FALSE,665573625,520,901,1621701076,
305,0,1003,3,5,3,399619679,FALSE,666772484,507,1030,1621701147,
306,0,1003,4,1,4,301906225,FALSE,667678203,794,748,1621701218,
307,0,1003,5,4,5,366258937,FALSE,668776980,857,614,1621701289,
308,0,1003,1,4,6,319482560,FALSE,669735427,894,464,1621701364,
309,0,1003,1,4,5,446441787,FALSE,671074752,378,1106,1621701431,
310,0,1003,5,1,2,292382983,FALSE,671951901,882,702,1621701502,
311,0,1003,6,6,2,262731046,FALSE,672740094,816,774,1621701574,
312,0,1003,3,4,6,295197946,FALSE,673625688,1052,585,1621701649,
313,0,1003,2,1,1,304158678,FALSE,674538164,686,967,1621701715,
314,0,1003,5,2,5,338299957,FALSE,675553064,584,1154,1621701790,
315,0,1003,5,2,6,274483509,FALSE,676376515,707,818,1621701857,
316,0,1003,6,2,5,284626395,FALSE,677230394,708,889,1621701932,
317,0,1003,5,1,2,215266873,FALSE,677876195,739,740,1621701999,
318,0,1003,4,5,6,280963307,FALSE,678719085,675,853,1621702070,
319,0,1003,6,5,1,281460613,FALSE,679563467,908,649,1621702141,
320,0,1003,2,4,5,267458242,FALSE,680365842,888,670,1621702213,
321,0,1003,5,5,1,235118734,FALSE,681071198,634,915,1621702283,
322,0,1003,2,3,6,244467993,FALSE,681804602,711,735,1621702354,
323,0,1003,1,4,4,211069545,FALSE,682437811,747,739,1621702425,
324,0,1003,1,6,3,291117369,FALSE,683311163,734,737,1621702497,
325,0,1003,1,6,4,293329010,FALSE,684191150,618,802,1621702567,
326,0,1003,2,6,6,302834011,FALSE,685099652,863,608,1621702638,
327,0,1003,3,3,1,299545724,FALSE,685998289,740,759,1621702709,
328,0,1003,1,3,1,338245872,FALSE,687013027,593,952,1621702780,
329,0,1003,3,2,5,241148956,FALSE,687736474,754,714,1621702852,
330,0,1003,6,6,4,218113893,FALSE,688390815,676,710,1621702923,
331,0,1003,6,5,6,263247723,FALSE,689180558,816,568,1621702994,
332,0,1003,4,1,1,338021523,FALSE,690194623,813,623,1621703064,
333,0,1003,1,2,6,283377921,FALSE,691044757,517,913,1621703136,
334,0,1003,5,1,2,278321318,FALSE,691879721,659,782,1621703207,
335,0,1003,3,6,3,247925991,FALSE,692623499,767,695,1621703278,
336,0,1003,3,3,5,296693453,FALSE,693513580,906,553,1621703349,
337,0,1003,4,4,5,232432006,FALSE,694210876,635,777,1621703420,
338,0,1003,2,6,1,308476990,FALSE,695136307,715,630,1621703491,
339,0,1003,4,2,2,316385127,FALSE,696085463,581,864,1621703562,
340,0,1003,4,6,4,260642365,FALSE,696867390,634,796,1621703633,
341,0,1003,2,4,1,315341059,FALSE,697813413,828,567,1621703704,
342,0,1003,1,6,3,218468910,FALSE,698468820,636,686,1621703775,
343,0,1003,5,2,3,210122222,FALSE,699099187,723,538,1621703846,
344,0,1003,3,1,1,225750603,FALSE,699776439,758,589,1621703917,
345,0,1003,1,5,3,231886734,FALSE,700472100,562,781,1621703988,
346,0,1003,3,5,1,192155474,FALSE,701048566,722,638,1621704059,
347,0,1003,3,1,1,204395359,FALSE,701661752,625,699,1621704130,
348,0,1003,4,2,4,355051090,FALSE,702726905,728,660,1621704202,
349,0,1003,1,6,2,173946701,FALSE,703248745,756,621,1621704272,
350,0,1003,4,3,1,186473070,FALSE,703808165,642,689,1621704343,
351,0,1003,2,3,2,273165462,FALSE,704627661,585,695,1621704414,
352,0,1003,1,5,4,196237514,FALSE,705216374,732,694,1621704485,
353,0,1003,2,3,6,235990321,FALSE,705924345,470,768,1621704557,
354,0,1003,5,5,2,256239976,FALSE,706693065,617,587,1621704627,
355,0,1003,6,6,5,232779768,FALSE,707391404,767,474,1621704698,
356,0,1003,5,6,5,225040921,FALSE,708066527,809,461,1621704769,
357,0,1003,6,2,4,220673687,FALSE,708728548,917,455,1621704840,
358,0,1003,4,2,3,221089365,FALSE,709391816,877,540,1621704911,
359,0,1003,3,4,4,232194234,FALSE,710088399,509,785,1621704982,
360,0,1003,6,3,2,221672165,FALSE,710753416,701,574,1621705053,
361,0,1003,3,6,3,219600626,FALSE,711412218,694,568,1621705124,
362,0,1003,3,2,2,244499394,FALSE,712145716,717,577,1621705196,
363,0,1003,3,3,4,205178416,FALSE,712761251,570,666,1621705266,
364,0,1003,5,4,2,215905331,FALSE,713408967,623,607,1621705337,
365,0,1003,6,3,3,278126346,FALSE,714243346,711,548,1621705408,
366,0,1003,6,5,5,195030331,FALSE,714828437,617,616,1621705479,
367,0,1003,3,1,5,257902169,FALSE,715602144,678,619,1621705550,
368,0,1003,1,1,4,200221376,FALSE,716202808,480,766,1621705621,
369,0,1003,5,2,1,253054344,FALSE,716961971,572,691,1621705692,
370,0,1003,6,6,3,181996167,FALSE,717507960,665,591,1621705763,
371,0,1003,5,5,6,192444387,FALSE,718085293,843,420,1621705834,
372,0,1003,1,4,1,262287261,FALSE,718872155,768,553,1621705905,
373,0,1003,2,1,3,218448925,FALSE,719527502,520,758,1621705977,
374,0,1003,6,6,2,233416564,FALSE,720227752,585,636,1621706047,
375,0,1003,2,1,5,263173594,FALSE,721017273,787,505,1621706118,
376,0,1003,1,1,5,187824936,FALSE,721580748,624,551,1621706189,
377,0,1003,1,1,1,199566042,FALSE,722179446,641,527,1621706260,
378,0,1003,1,3,5,237082585,FALSE,722890694,581,619,1621706334,
379,0,1003,4,1,3,255281419,FALSE,723656538,501,680,1621706403,
380,0,1003,3,5,5,221220696,FALSE,724320200,426,731,1621706473,
381,0,1003,4,2,5,205762177,FALSE,724937486,600,548,1621706544,
382,0,1003,3,1,1,270291014,FALSE,725748359,646,508,1621706616,
383,0,1003,4,5,4,197819004,FALSE,726341816,441,675,1621706690,
384,0,1003,4,3,5,198304046,FALSE,726936728,543,561,1621706758,
385,0,1003,3,2,3,187807288,FALSE,727500150,515,631,1621706829,
386,0,1003,6,6,3,196012494,FALSE,728088188,600,533,1621706900,
387,0,1003,3,5,2,251392345,FALSE,728842365,792,395,1621706971,
388,0,1003,6,1,4,183325943,FALSE,729392343,705,455,1621707042,
389,0,1003,5,6,2,223743354,FALSE,730063573,386,783,1621707114,
390,0,1003,5,1,2,176868657,FALSE,730594179,514,565,1621707184,
391,0,1003,4,1,6,191477613,FALSE,731168612,549,527,1621707259,
392,0,1003,6,2,3,244245371,FALSE,731901348,613,496,1621707326,
393,0,1003,6,6,2,167570485,FALSE,732404060,463,661,1621707400,
394,0,1003,6,5,1,183467835,FALSE,732954464,529,578,1621707468,
395,0,1003,2,5,1,215340076,FALSE,733600484,638,480,1621707539,
396,0,1003,4,1,6,216999834,FALSE,734251483,593,498,1621707610,
397,0,1003,2,5,2,300599485,FALSE,735153281,701,402,1621707681,
398,0,1003,3,6,1,197207530,FALSE,735744904,537,523,1621707752,
399,0,1003,5,5,3,206752783,FALSE,736365162,392,571,1621707823,
400,0,1003,2,4,2,171589901,FALSE,736879932,570,435,1621707894,
401,0,1003,1,2,6,215505501,FALSE,737526448,510,548,1621707965,
402,0,1003,3,1,4,204621866,FALSE,738140314,556,503,1621708036,
403,0,1003,2,4,2,228254138,FALSE,738825076,496,524,1621708109,
404,0,1003,6,3,3,170453519,FALSE,739336437,486,548,1621708178,
405,0,1003,5,3,5,186262489,FALSE,739895225,503,498,1621708249,
406,0,1003,1,2,4,199939925,FALSE,740495045,554,461,1621708325,
407,0,1003,4,4,2,160986006,FALSE,740978003,420,600,1621708391,
408,0,1003,3,4,6,191349002,FALSE,741552050,563,474,1621708467,
409,0,1003,1,2,6,207075795,FALSE,742173278,650,419,1621708533,
410,0,1003,2,1,3,193007940,FALSE,742752302,454,538,1621708608,
411,0,1003,3,5,5,189365629,FALSE,743320399,516,514,1621708675,
412,0,1003,5,5,3,208461471,FALSE,743945783,473,588,1621708746,
413,0,1003,3,2,6,170401430,FALSE,744456987,528,569,1621708817,
414,0,1003,6,4,1,185602595,FALSE,745013795,538,541,1621708888,
415,0,1003,3,2,6,198609132,FALSE,745609622,535,534,1621708959,
416,0,1003,2,1,4,175461159,FALSE,746136006,562,500,1621709030,
417,0,1003,4,1,2,170430518,FALSE,746647298,464,589,1621709101,
418,0,1003,3,1,5,208055304,FALSE,747271464,479,580,1621709176,
419,0,1003,6,6,3,204933830,FALSE,747886266,487,618,1621709243,
420,0,1003,6,3,4,195776401,FALSE,748473595,641,403,1621709314,
421,0,1003,5,3,3,188377740,FALSE,749038728,541,487,1621709385,
422,0,1003,5,2,1,218143472,FALSE,749693158,424,578,1621709456,
423,0,1003,3,4,5,193477506,FALSE,750273591,417,658,1621709527,
424,0,1003,2,3,3,236397716,FALSE,750982784,445,564,1621709598,
425,0,1003,6,4,6,195523793,FALSE,751569355,678,462,1621709674,
426,0,1003,1,6,6,190941929,FALSE,752142181,446,605,1621709740,
427,0,1003,3,4,5,194761259,FALSE,752726465,562,497,1621709811,
428,0,1003,1,1,6,170670582,FALSE,753238477,476,546,1621709882,
429,0,1003,3,1,1,211582454,FALSE,753873224,497,528,1621709953,
430,0,1003,3,1,6,161277240,FALSE,754357055,452,602,1621710024,
431,0,1003,6,6,5,99749576,FALSE,754656304,458,314,1621710095,
432,0,1003,6,3,5,164479207,FALSE,755149741,611,406,1621710175,
433,0,1003,3,3,5,185479720,FALSE,755706180,601,445,1621710246,
434,0,1003,1,6,2,200281931,FALSE,756307026,464,615,1621710317,
435,0,1003,4,3,5,264904643,FALSE,757101740,429,632,1621710388,
436,0,1003,1,5,2,208383081,FALSE,757726889,439,615,1621710459,
437,0,1003,1,1,6,204420060,FALSE,758340149,666,425,1621710530,
438,0,1003,3,5,3,231864653,FALSE,759035743,435,562,1621710601,
439,0,1003,5,5,4,236035936,FALSE,759743851,506,503,1621710672,
440,0,1003,4,3,5,242070110,FALSE,760470062,484,510,1621710743,
441,0,1003,4,1,3,215835092,FALSE,761117567,489,600,1621710814,
442,0,1003,5,6,6,248334248,FALSE,761862570,465,560,1621710885,
443,0,1003,2,2,6,214192885,FALSE,762505149,545,499,1621710956,
444,0,1003,6,3,1,244743121,FALSE,763239379,620,503,1621711027,
445,0,1003,5,6,2,185491943,FALSE,763795855,573,469,1621711098,
446,0,1003,4,1,1,205821942,FALSE,764413321,608,439,1621711169,
447,0,1003,4,5,3,142955782,FALSE,764842188,474,568,1621711240,
448,0,1003,5,3,2,324530034,FALSE,765815778,517,540,1621711311,
449,0,1003,4,4,2,213246007,FALSE,766455516,605,491,1621711382,
450,0,1003,1,4,3,209096083,FALSE,767082805,641,469,1621711453,
451,0,1003,3,5,4,192229688,FALSE,767659494,545,529,1621711524,
452,0,1003,3,3,4,212060040,FALSE,768295674,594,465,1621711595,
453,0,1003,4,5,6,236525025,FALSE,769005250,543,540,1621711666,
454,0,1003,3,3,4,177748264,FALSE,769538495,563,502,1621711737,
455,0,1003,2,2,6,251606632,FALSE,770293315,582,549,1621711808,
456,0,1003,5,5,1,296996537,FALSE,771184304,735,382,1621711879,
457,0,1003,3,1,6,187723862,FALSE,771747476,608,552,1621711951,
458,0,1003,1,6,1,262482003,FALSE,772534922,542,606,1621712022,
459,0,1003,3,5,2,244515005,FALSE,773268467,517,597,1621712093,
460,0,1003,3,2,4,182407715,FALSE,773815690,527,592,1621712163,
461,0,1003,4,4,6,202323189,FALSE,774422659,490,660,1621712235,
462,0,1003,1,4,1,285320614,FALSE,775278621,501,635,1621712306,
463,0,1003,1,5,5,287760932,FALSE,776141904,453,755,1621712377,
464,0,1003,5,1,6,286626998,FALSE,777001785,552,540,1621712448,
465,0,1003,6,3,6,286704555,FALSE,777861899,472,715,1621712519,
466,0,1003,3,5,3,411332622,FALSE,779095897,704,428,1621712590,
467,0,1003,1,4,3,420240502,FALSE,780356619,446,870,1621712661,
468,0,1003,2,5,5,276483146,FALSE,781186069,452,778,1621712732,
469,0,1003,1,3,2,307079276,FALSE,782107307,475,762,1621712803,
470,0,1003,4,3,2,303408350,FALSE,783017532,613,681,1621712874,
471,0,1003,1,4,2,304902608,FALSE,783932240,347,836,1621712945,
472,0,1003,4,2,3,288255531,FALSE,784797007,369,917,1621713016,
473,0,1003,6,1,5,343447376,FALSE,785827349,811,641,1621713087,
474,0,1003,6,4,6,249035865,FALSE,786574457,742,666,1621713158,
475,0,1003,3,5,1,330872278,FALSE,787567074,792,568,1621713229,
476,0,1003,5,6,6,282186368,FALSE,788413633,617,708,1621713300,
477,0,1003,3,2,1,347861395,FALSE,789457217,691,660,1621713371,
478,0,1003,4,6,1,287487833,FALSE,790319681,752,626,1621713442,
479,0,1003,3,5,3,267963029,FALSE,791123570,582,771,1621713513,
480,0,1003,4,4,6,229130221,FALSE,791810961,619,753,1621713584,
481,0,1003,5,6,6,253725578,FALSE,792572138,680,686,1621713655,
482,0,1003,5,5,6,409927765,FALSE,793801921,759,702,1621713726,
483,0,1003,4,2,2,350322084,FALSE,794852888,862,557,1621713797,
484,0,1003,6,3,4,263661276,FALSE,795643872,686,684,1621713868,
485,0,1003,5,3,4,349997443,FALSE,796693864,591,737,1621713939,
486,0,1003,3,3,2,312384634,FALSE,797631018,646,673,1621714010,
487,0,1003,3,3,1,235432403,FALSE,798337315,709,641,1621714081,
488,0,1003,4,2,4,270702441,FALSE,799149422,520,780,1621714152,
489,0,1003,1,1,3,216597202,FALSE,799799214,615,763,1621714223,
490,0,1003,2,2,1,286981508,FALSE,800660159,687,771,1621714294,
491,0,1003,2,5,4,261339816,FALSE,801444178,585,822,1621714365,
492,0,1003,2,4,2,298353132,FALSE,802339237,627,748,1621714436,
493,0,1003,5,4,1,249453407,FALSE,803087597,854,527,1621714507,
494,0,1003,2,5,6,249862121,FALSE,803837183,614,679,1621714578,
495,0,1003,4,2,6,298932233,FALSE,804733980,736,609,1621714649,
496,0,1003,2,1,6,239764019,FALSE,805453272,693,577,1621714720,
497,0,1003,2,6,2,235319931,FALSE,806159232,574,665,1621714791,
498,0,1003,4,6,5,347862814,FALSE,807202821,853,470,1621714862,
499,0,1003,6,5,1,488915793,FALSE,808669568,952,465,1621714933,
500,0,1003,2,6,2,249153727,FALSE,809417029,628,833,1621715004,
501,0,1003,6,3,2,284392786,FALSE,810270208,693,813,1621715075,
502,0,1003,4,2,3,308504941,FALSE,811195723,458,936,1621715146,
503,0,1003,6,4,5,220423417,FALSE,811856993,796,651,1621715217,
504,0,1003,6,4,5,370810972,FALSE,812969426,451,1092,1621715288,
505,0,1003,3,3,4,205389429,FALSE,813585594,707,754,1621715359,
506,0,1003,4,5,4,262055867,FALSE,814371762,739,644,1621715430,
507,0,1003,6,2,5,274953847,FALSE,815196623,865,629,1621715502,
508,0,1003,2,3,3,235684996,FALSE,815903678,621,908,1621715573,
509,0,1003,5,1,6,382861269,FALSE,817052262,992,540,1621715644,
510,0,1003,5,5,5,274252681,FALSE,817875020,877,709,1621715715,
511,0,1003,6,4,6,266838751,FALSE,818675536,744,844,1621715786,
512,0,1003,5,2,3,325730714,FALSE,819652729,969,606,1621715857,
513,0,1003,3,1,2,241829942,FALSE,820378219,742,750,1621715928,
514,0,1003,3,2,1,323104610,FALSE,821347533,645,925,1621715999,
515,0,1003,6,5,1,339412957,FALSE,822365772,994,623,1621716070,
516,0,1003,6,3,1,325373697,FALSE,823341893,819,696,1621716141,
517,0,1003,3,2,2,358589638,FALSE,824417662,612,912,1621716212,
518,0,1003,6,6,5,374394092,FALSE,825540844,402,1153,1621716283,
519,0,1003,5,5,2,306656269,FALSE,826460813,803,776,1621716354,
520,0,1003,4,1,4,295092430,FALSE,827346090,759,783,1621716425,
521,0,1003,6,2,6,275385996,FALSE,828172248,636,954,1621716496,
522,0,1003,3,4,3,355324516,FALSE,829238221,684,841,1621716567,
523,0,1003,3,5,4,653693799,FALSE,831199303,1044,687,1621716638,
524,0,1003,1,1,1,589989636,FALSE,832969272,439,1401,1621716709,
525,0,1003,6,3,3,412325666,FALSE,834206250,1233,640,1621716780,
526,0,1003,4,6,5,317359069,FALSE,835158327,850,1050,1621716851,
527,0,1003,5,6,2,346983623,FALSE,836199278,1022,838,1621716922,
528,0,1003,4,6,3,276560623,FALSE,837028960,1083,754,1621716993,
529,0,1003,1,5,3,274938509,FALSE,837853776,1110,833,1621717064,
530,0,1003,5,5,1,276908001,FALSE,838684500,895,930,1621717135,
531,0,1003,3,4,5,306129891,FALSE,839602890,859,938,1621717206,
532,0,1003,2,2,5,314627942,FALSE,840546774,985,854,1621717277,
533,0,1003,4,2,5,299214465,FALSE,841444418,871,904,1621717348,
534,0,1003,2,1,4,316187510,FALSE,842392980,1016,750,1621717419,
535,0,1003,4,1,2,308776215,FALSE,843319309,1071,798,1621717490,
536,0,1003,4,5,5,285091820,FALSE,844174584,895,835,1621717561,
537,0,1003,2,1,4,321710302,FALSE,845139715,900,801,1621717634,
538,0,1003,2,1,1,344745010,FALSE,846173950,818,968,1621717703,
539,0,1003,5,4,1,347633019,FALSE,847216849,935,907,1621717774,
540,0,1003,1,2,2,307687873,FALSE,848139912,1064,829,1621717845,
541,0,1003,6,6,6,333198436,FALSE,849139507,849,985,1621717916,
542,0,1003,1,5,5,311991510,FALSE,850075481,882,859,1621717987,
543,0,1003,1,1,1,333214728,FALSE,851075125,881,922,1621718058,
544,0,1003,3,3,5,359092034,FALSE,852152401,716,1144,1621718134,
545,0,1003,1,6,6,372299345,FALSE,853269299,870,882,1621718200,
546,0,1003,4,4,5,309787497,FALSE,854198662,733,1069,1621718271,
547,0,1003,2,2,1,332768962,FALSE,855196969,884,879,1621718342,
548,0,1003,5,2,4,339131163,FALSE,856214363,783,941,1621718413,
549,0,1003,5,1,1,376054262,FALSE,857342526,1018,760,1621718485,
550,0,1003,6,4,6,307751841,FALSE,858265781,928,781,1621718556,
551,0,1003,3,4,6,290683401,FALSE,859137831,723,1017,1621718627,
552,0,1003,1,3,4,286800745,FALSE,859998233,782,899,1621718698,
553,0,1003,1,3,6,415240967,FALSE,861243956,826,887,1621718769,
554,0,1003,4,1,4,274377818,FALSE,862067089,900,871,1621718840,
555,0,1003,2,1,5,308891500,FALSE,862993764,1042,814,1621718911,
556,0,1003,2,2,5,304331048,FALSE,863906757,973,959,1621718985,
557,0,1003,2,1,4,243146086,FALSE,864636196,927,1024,1621719053,
558,0,1003,6,6,4,416553702,FALSE,865885858,876,1157,1621719124,
559,0,1003,5,5,5,343128928,FALSE,866915245,1206,722,1621719195,
560,0,1003,5,5,6,290145444,FALSE,867785682,1113,860,1621719266,
561,0,1003,5,6,6,413777081,FALSE,869027013,1290,744,1621719337,
562,0,1003,1,1,3,356127510,FALSE,870095395,1356,778,1621719408,
563,0,1003,3,5,6,266622221,FALSE,870895262,747,1206,1621719479,
564,0,1003,3,1,6,336904279,FALSE,871905975,879,947,1621719550,
565,0,1003,5,2,1,327513949,FALSE,872888517,1139,798,1621719621,
566,0,1003,1,6,2,345622260,FALSE,873925384,856,967,1621719692,
567,0,1003,6,6,2,376948347,FALSE,875056230,839,1108,1621719763,
568,0,1003,2,1,3,369054153,FALSE,876163393,973,903,1621719834,
569,0,1003,4,3,1,345826561,FALSE,877200873,872,1057,1621719905,
570,0,1003,6,3,3,382043258,FALSE,878347003,880,1195,1621719976,
571,0,1003,1,5,1,458212819,FALSE,879721642,899,1063,1621720047,
572,0,1003,1,4,3,349493552,FALSE,880770123,952,1064,1621720118,
573,0,1003,1,6,4,326970921,FALSE,881751035,1113,864,1621720189,
574,0,1003,4,6,2,422777608,FALSE,883019368,836,1258,1621720260,
575,0,1003,6,1,6,336960959,FALSE,884030251,1011,1062,1621720332,
576,0,1003,1,5,2,357923760,FALSE,885104022,1121,1046,1621720402,
577,0,1003,6,6,2,371492372,FALSE,886218500,1024,977,1621720473,
578,0,1003,6,4,2,365159111,FALSE,887313977,1103,1076,1621720544,
579,0,1003,4,3,6,445500265,FALSE,888650478,1029,1143,1621720618,
580,0,1003,3,1,1,311804380,FALSE,889585892,889,1179,1621720686,
581,0,1003,3,5,1,406672862,FALSE,890805911,1167,1066,1621720759,
582,0,1003,2,2,1,344348633,FALSE,891838957,889,1214,1621720828,
583,0,1003,1,2,1,437439162,FALSE,893151275,1016,1262,1621720899,
584,0,1003,3,2,5,498988683,FALSE,894648241,1067,1420,1621720970,
585,0,1003,5,3,3,384727633,FALSE,895802424,1340,1186,1621721041,
586,0,1003,2,1,5,426233853,FALSE,897081126,1411,1015,1621721112,
587,0,1003,6,3,1,410184656,FALSE,898311680,1124,1167,1621721184,
588,0,1003,3,4,4,406645238,FALSE,899531616,1113,1249,1621721255,
589,0,1003,2,1,5,466539079,FALSE,900931234,1186,1229,1621721326,
590,0,1003,1,2,1,478052728,FALSE,902365393,1055,1456,1621721397,
591,0,1003,5,3,6,511513197,FALSE,903899933,1415,1154,1621721468,
592,0,1003,3,1,4,491421864,FALSE,905374199,1209,1359,1621721539,
593,0,1003,5,3,2,510927523,FALSE,906906982,1143,1555,1621721610,
594,0,1003,2,5,3,431024891,FALSE,908200057,1743,983,1621721681,
595,0,1003,3,2,2,431258275,FALSE,909493832,1298,1191,1621721752,
596,0,1003,4,6,6,471379481,FALSE,910907970,1301,1283,1621721823,
597,0,1003,1,5,2,417441855,FALSE,912160296,1413,1147,1621721894,
598,0,1003,6,4,2,503699047,FALSE,913671393,1273,1370,1621721965,
599,0,1003,4,5,4,444011225,FALSE,915003427,1124,1509,1621722036,
600,0,1003,1,6,3,413087681,FALSE,916242690,1340,1148,1621722107,
601,0,1003,3,6,4,428681272,FALSE,917528734,1170,1334,1621722178,
602,0,1003,3,5,3,473270214,FALSE,918948544,1463,1094,1621722253,
603,0,1003,6,3,4,383777841,FALSE,920099877,1116,1535,1621722320,
604,0,1003,6,3,5,448874395,FALSE,921446500,1297,1310,1621722391,
605,0,1003,5,2,4,438926893,FALSE,922763281,1472,1219,1621722462,
606,0,1003,2,5,5,386374234,FALSE,923922404,1321,1473,1621722533,
607,0,1003,3,2,1,398815017,FALSE,925118849,1369,1349,1621722604,
608,0,1003,5,5,3,409936392,FALSE,926348659,1239,1438,1621722675,
609,0,1003,6,5,4,433307404,FALSE,927648581,1360,1256,1621722746,
610,0,1003,1,3,2,487208735,FALSE,929110208,1546,1224,1621722817,
611,0,1003,5,3,3,427173235,FALSE,930391728,1333,1413,1621722888,
612,0,1003,6,2,5,478480450,FALSE,931827170,1501,1293,1621722959,
613,0,1003,5,3,1,497871064,FALSE,933320784,1071,1743,1621723030,
614,0,1003,2,3,5,601047818,FALSE,935123928,1912,1106,1621723101,
615,0,1003,1,4,1,453457105,FALSE,936484299,1386,1342,1621723172,
616,0,1003,2,4,3,529738862,FALSE,938073516,1476,1472,1621723243,
617,0,1003,2,6,4,505849327,FALSE,939591064,1385,1458,1621723314,
618,0,1003,3,1,3,575497612,FALSE,941317557,1370,1320,1621723385,
619,0,1003,6,1,2,481353770,FALSE,942761618,1396,1492,1621723457,
620,0,1003,2,3,3,560377858,FALSE,944442752,1322,1550,1621723532,
621,0,1003,6,6,6,475755446,FALSE,945870018,1229,1530,1621723599,
622,0,1003,5,3,4,514038597,FALSE,947412134,1504,1290,1621723670,
623,0,1003,5,1,4,454223252,FALSE,948774804,1476,1261,1621723741,
624,0,1003,5,3,5,586886459,FALSE,950535463,1312,1530,1621723812,
625,0,1003,6,2,3,558173014,FALSE,952209982,1574,1314,1621723883,
626,0,1003,3,5,6,462908958,FALSE,953598709,1153,1779,1621723954,
627,0,1003,1,6,5,473195097,FALSE,955018294,1454,1546,1621724025,
628,0,1003,5,6,1,441778853,FALSE,956343630,1386,1581,1621724096,
629,0,1003,6,3,2,434079610,FALSE,957645869,1569,1433,1621724167,
630,0,1003,6,4,2,415795169,FALSE,958893254,1485,1468,1621724238,
631,0,1003,5,4,4,476830195,FALSE,960323745,1523,1399,1621724309,
632,0,1003,4,4,5,446061486,FALSE,961661930,1579,1485,1621724380,
633,0,1003,6,4,2,693523586,FALSE,963742501,1681,1397,1621724451,
634,0,1003,3,4,6,459115864,FALSE,965119849,1690,1441,1621724522,
635,0,1003,1,6,5,432613090,FALSE,966417688,1829,1364,1621724593,
636,0,1003,5,1,6,447729375,FALSE,967760876,1765,1516,1621724664,
637,0,1003,1,4,3,466562177,FALSE,969160563,1907,1393,1621724735,
638,0,1003,4,1,1,532101454,FALSE,970756867,1486,1499,1621724806,
639,0,1003,2,4,2,486396314,FALSE,972216056,1220,1837,1621724877,
640,0,1003,3,4,4,552408880,FALSE,973873282,1279,1863,1621724948,
641,0,1003,6,3,5,582677758,FALSE,975621316,1640,1383,1621725019,
642,0,1003,3,1,6,528918798,FALSE,977208073,1746,1341,1621725090,
643,0,1003,6,3,6,489019671,FALSE,978675132,1288,1708,1621725161,
644,0,1003,2,3,5,542426209,FALSE,980302411,1675,1375,1621725233,
645,0,1003,2,1,6,448657463,FALSE,981648384,1768,1232,1621725304,
646,0,1003,2,3,5,498725778,FALSE,983144562,1444,1425,1621725374,
647,0,1003,2,1,1,488330401,FALSE,984609553,1536,1432,1621725445,
648,0,1003,1,4,6,606717813,FALSE,986429707,1269,1809,1621725516,
649,0,1003,4,5,4,508229044,FALSE,987954394,1326,1478,1621725588,
650,0,1003,1,2,4,649529408,FALSE,989902983,1445,1430,1621725659,
651,0,1003,4,2,3,500724238,FALSE,991405156,1278,1569,1621725730,
652,0,1003,6,4,5,585573949,FALSE,993161878,1411,1538,1621725801,
653,0,1003,2,1,3,489788547,FALSE,994631244,1734,1227,1621725872,
654,0,1003,5,2,4,574285931,FALSE,996354102,1771,1197,1621725943,
655,0,1003,4,1,2,532881876,FALSE,997952748,1457,1742,1621726014,
656,0,1003,6,1,6,514623141,FALSE,999496617,1757,1368,1621726085,
657,0,1003,4,3,2,509590097,FALSE,1001025387,1156,2006,1621726156,
658,0,1003,4,2,4,569696658,FALSE,1002734477,1938,1281,1621726227,
659,0,1003,1,3,6,558861543,FALSE,1004411062,1675,1425,1621726298,
660,0,1003,1,6,5,583557244,FALSE,1006161734,1720,1564,1621726369,
661,0,1003,1,4,5,584807641,FALSE,1007916158,1563,1518,1621726440,
662,0,1003,3,2,2,536119243,FALSE,1009524516,1581,1539,1621726511,
663,0,1003,4,3,5,571474044,FALSE,1011238938,1545,1672,1621726582,
664,0,1003,4,3,3,567089732,FALSE,1012940208,1479,1815,1621726653,
665,0,1003,1,4,2,569729632,FALSE,1014649398,1565,1657,1621726724,
666,0,1003,6,2,1,570618880,FALSE,1016361255,1767,1377,1621726795,
667,0,1003,5,6,6,564546884,FALSE,1018054896,1664,1476,1621726866,
668,0,1003,5,5,4,503716568,FALSE,1019566046,1677,1488,1621726937,
669,0,1003,5,5,3,535085530,FALSE,1021171303,1661,1473,1621727008,
670,0,1003,6,4,4,459969383,FALSE,1022551211,1563,1625,1621727079,
671,0,1003,6,1,1,576618729,FALSE,1024281068,1860,1407,1621727150,
672,0,1003,1,3,1,504315641,FALSE,1025794015,1255,1847,1621727221,
673,0,1003,2,2,1,460171754,FALSE,1027174529,1245,1922,1621727293,
674,0,1003,4,2,3,584038911,FALSE,1028926646,1627,1764,1621727364,
675,0,1003,3,5,3,694729962,FALSE,1031010836,1912,1535,1621727435,
676,0,1003,3,4,5,763014297,FALSE,1033299879,2185,1172,1621727506,
677,0,1003,5,2,6,521117019,FALSE,1034863230,2079,1392,1621727577,
678,0,1003,4,1,3,628462228,FALSE,1036748617,2122,1180,1621727648,
679,0,1003,6,5,1,544543313,FALSE,1038382247,1197,2115,1621727719,
680,0,1003,5,4,5,549052020,FALSE,1040029404,1580,1689,1621727790,
681,0,1003,2,1,3,499825529,FALSE,1041528880,1631,1672,1621727861,
682,0,1003,3,4,2,602014364,FALSE,1043334924,1863,1413,1621727932,
683,0,1003,5,5,2,670634136,FALSE,1045346827,1995,1211,1621728003,
684,0,1003,5,2,4,941926613,FALSE,1048172608,2616,1131,1621728079,
685,0,1003,2,6,6,498376000,FALSE,1049667736,1288,2320,1621728145,
686,0,1003,5,4,6,520712240,FALSE,1051229873,1629,1723,1621728216,
687,0,1003,2,6,2,579502860,FALSE,1052968382,1858,1643,1621728287,
688,0,1003,1,5,3,552842174,FALSE,1054626909,1468,1816,1621728358,
689,0,1003,3,3,1,752588999,FALSE,1056884677,1969,1425,1621728429,
690,0,1003,4,6,4,767074954,FALSE,1059185902,1686,1809,1621728500,
